<?xml version="1.0" encoding="utf-8"?>
<!DOCTYPE install SYSTEM "http://www.joomla.org/xml/dtd/1.5/component-install.dtd">
<extension version="1.6.0" type="component" client="site" method="upgrade">
	<name>eldisapi</name>
	<description>Eldis plugin to create article using eldis open API. <ul><li>For more documentation please click <a target='blank' href='../plugins/content/eldisapi/eldisapi/docs/eldis_doc.html'>here</a> </li><li>Terms and condition for using API see <a target='blank' href='http://api.ids.ac.uk/about/terms.shtml'>here</a></li></ul></description>
	<version>1.6.02</version>
	<creationDate>September 2011</creationDate>
	<author>OneWorld</author>
	<authorEmail>editor@oneworld.net</authorEmail>
	<authorUrl>http://southasia.oneworld.net</authorUrl>
	<copyright>See COPYRIGHT.txt</copyright>
	<license>See LICENSES.txt</license>
	<files>
		<filename>CHANGELOG.txt</filename>
		<filename>INSTALL.txt</filename>		
		<filename>README.txt</filename>
		<filename>DISCLAIMER.txt</filename>	
	</files>
	
  <installfile>install.eldisapi.php</installfile>
  <uninstallfile>uninstall.eldisapi.php</uninstallfile>
  
	<administration>
		<menu>Eldis OpenAPI</menu>
		<files folder="admin">
		   <folder>elements</folder>
			<filename>eldisapi.php</filename>				
			<filename>eldis.js</filename>					
			<filename>progress.gif</filename>			
		</files>	
	</administration>
</extension>