<?xml version="1.0" encoding="utf-8"?>
<!DOCTYPE install SYSTEM "http://www.joomla.org/xml/dtd/1.5/component-install.dtd">
<install version="1.5" type="component" group="content">
	<name>eldisapi</name>
	<description>ELDIS_API_DESC_LONG</description>
	<version>1.0.0</version>
	<creationDate></creationDate>
	<author>OneWorld</author>
	<authorEmail>editor@oneworld.net</authorEmail>
	<authorUrl>http://southasia.oneworld.net</authorUrl>
	<copyright>See COPYRIGHT.txt</copyright>
	<license>See LICENSES.txt</license>
	<files>
		<filename>CHANGELOG.txt</filename>
		<filename>INSTALL.txt</filename>		
		<filename>README.txt</filename>
		<filename>DISCLAIMER.txt</filename>					
	</files>
	
  <installfile>install.eldisapi.php</installfile>
  <uninstallfile>uninstall.eldisapi.php</uninstallfile>
  
	<administration>
		<files folder="admin">
			<filename>elements/button.php</filename>
			<filename>elements/loadcountry.php</filename>
			<filename>elements/loadthemes.php</filename>
			<filename>elements/multilist.php</filename>
			<filename>elements/multilistcountry.php</filename>			
			<filename>elements/multitext.php</filename>
			<filename>elements/preview.php</filename>
			<filename>elements/validate.php</filename>	
			<filename>install.eldisapi.php</filename>
			<filename>uninstall.eldisapi.php</filename>			
			<filename>eldis.js</filename>					
			<filename>progress.gif</filename>			
		</files>	
	</administration>

	<plugins>
    <plugin plugin="eldisapi" group="content" />
  </plugins>
</install>